limited	5
saver	4
doubts	5
yellow	2
hitch	3
four	3
gag	3
woods	4
asian	3
hanging	1
ridiculous	3
hate	2
assembled	2
consider	1
increase	3
replacements	5
buddy	2
stinky	2
bike	3
swap	5
caused	2
aux	5
sorry	1
worth	1
litle	1
merchant	4
lure	1
performs	2
bodyshop	4
blanket	3
connects	2
sellers	2
shoot	4
replaces	3
every	5
jack	5
affect	1
seals	5
thatand	5
glovebox	5
skills	1
supports	3
solution	3
frozen	1
crotch	1
galaxie	5
glued	2
ups	1
weels	2
enjoy	4
bicycle	3
tired	1
corvette	4
phones	1
consistent	1
mirage	5
direct	5
horn	1
tires	3
second	1
louder	1
lacy	5
rusts	2
n	5
monster	3
even	1
rope	4
hide	2
saved	5
ned	5
hp	5
fingers	1
liberty	5
hydration	5
lights	4
en	2
looksgood	4
nex	5
hefty	4
supplier	3
new	4
tips	1
poorly	2
ever	5
disney	2
shocks	1
culo	2
never	1
here	2
met	1
protection	4
china	1
accutire	1
cardboard	1
nevee	1
patches	4
studs	2
darkness	5
kids	4
daughter	5
intead	2
items	1
k	5
changed	3
ecu	4
anchor	3
credit	1
chrysler	2
deere	3
complicated	2
suitable	5
settled	2
diameter	1
fantastic	4
crickets	5
secure	1
explained	4
cylinder	2
replace	5
brought	4
carb	3
pound	3
total	1
bt	3
unit	1
would	2
alligator	2
arms	1
leaks	2
halogen	3
call	1
therefore	2
recommend	5
wheer	5
type	1
tell	3
separated	3
funciona	4
evening	2
warp	1
aware	5
warn	3
phone	1
warm	5
adult	4
lotus	5
excellent	5
hole	4
hold	2
dot	5
must	2
me	3
intake	5
word	1
wore	1
player	2
mm	3
setup	4
work	1
mi	1
roof	4
autoparts	3
permite	4
locker	3
replacment	4
install	5
elbow	2
im	3
camry	1
my	4
route	5
il	1
sadan	5
indicated	2
give	3
household	1
discovery	3
ready	3
caution	1
want	1
conditioner	4
times	1
absolute	1
chevy	2
satr	1
end	3
turn	3
provide	2
travel	3
returning	1
nuts	1
feature	1
machine	5
far	4
hot	5
benz	5
answer	2
gate	2
faulty	1
charging	1
badly	1
untill	3
hubon	3
description	1
mess	2
ladder	4
after	1
winch	5
thankyou	5
wrong	1
mesh	2
lay	2
moteur	5
types	4
period	5
purchase	2
handfits	5
attempt	2
shorted	3
third	1
recieved	1
spout	1
fibers	4
appreciate	5
harley	5
maintain	2
green	5
keeps	4
fan	2
operate	1
order	3
wind	5
reloj	2
soldiering	5
peux	5
snugly	3
over	3
vary	1
satisfied	4
murray	2
bling	5
strongarm	5
banged	4
japan	4
windshield	2
before	1
admirably	4
fittings	3
fit	1
somewhere	1
fix	2
blown	2
diffrent	1
expectations	5
crew	1
better	5
xb	5
waxedor	1
cipa	2
fade	5
weeks	1
easier	2
prius	2
damages	3
versus	5
then	2
coffee	2
combination	3
safe	5
school	5
finish	4
break	1
band	2
noisyshort	3
effects	1
they	3
velcro	2
silver	1
pegs	3
shadows	1
blazer	3
regularly	4
reasonably	5
guage	5
specification	5
filling	3
reasonable	5
each	3
mounts	2
went	5
side	1
mean	1
vibrates	2
shuttle	4
meets	2
series	1
january	4
sears	1
mdx	1
waiste	1
xs	4
logo	4
whit	2
collector	4
ring	2
camco	4
fuss	5
rv	3
gon	4
ridgid	1
driving	4
rs	4
diesel	1
debil	2
content	3
re	4
noice	4
rare	5
smh	1
got	5
clamps	2
washes	2
hogan	5
grease	3
turning	4
love	5
maunfacturer	2
given	4
free	4
standard	3
meses	4
management	4
sensors	3
wanted	5
molded	4
thwe	1
suvs	3
balancers	1
putco	2
inexpensive	4
days	1
filter	3
flawless	5
shipped	5
heck	4
iso	3
uses	1
clothes	3
loud	3
speeds	1
cleaning	5
inspectors	5
already	2
features	1
presion	2
flap	4
wast	1
shopped	2
hook	4
floors	5
jjk	3
another	1
thick	1
clarity	4
electronic	3
assortment	3
hood	3
tem	5
mercury	3
rated	1
service	5
their	2
top	2
struts	2
tow	1
needed	4
confirming	1
ton	2
listed	1
cabling	3
inflate	1
freshner	2
dogs	3
damaging	2
toe	5
tool	3
serve	1
took	5
scraper	4
compressor	3
wasted	1
kept	3
docent	1
maintaining	4
sticker	2
nail	2
galant	1
glorified	1
zero	5
regulator	1
matter	1
idle	4
endure	4
wheeler	5
feeling	3
mini	1
lbs	1
fashion	1
sees	5
esta	2
ran	1
ram	1
torque	2
mine	2
convience	2
rato	2
rat	4
manner	5
screws	5
seem	2
mins	2
seamstress	2
gear	3
strength	1
genuine	5
person	4
latter	3
doori	3
snow	4
purchases	3
recommended	5
materials	4
chess	1
doors	3
jxi	1
magnum	5
grips	5
rides	1
thay	2
davidson	5
reese	5
blue	1
memebers	4
though	2
thrilled	1
welll	5
regular	2
mouth	3
letter	1
organization	3
coil	1
glow	2
reimbursement	2
don	1
alarm	3
doa	1
metal	2
surfacenot	2
spend	2
freeway	3
competitors	5
bracket	1
tech	2
deeply	2
crankshaft	1
maxima	2
responded	1
came	5
marvel	4
saying	1
ticks	5
overpriced	4
contacted	4
labels	2
trailor	5
ending	1
pops	2
prix	2
colors	1
gauge	4
supplied	5
elantra	3
nephew	4
buttons	3
cheaply	1
thirds	3
clock	2
finally	5
clicked	1
situations	4
lumens	3
shurflo	3
abs	1
rich	5
folks	1
adequate	4
sedona	1
rica	5
do	1
honda	5
stop	4
dc	1
pocket	2
amazon	2
cushion	4
coilovers	1
saturn	3
tribute	4
unfortunately	3
runs	5
bar	4
spilling	1
covering	2
nicely	4
gather	3
bag	5
bad	1
shots	1
release	2
told	2
automatic	4
thumbs	4
blew	1
fair	1
nut	2
testing	1
highlander	5
reccomend	5
easylist	5
pads	1
result	2
horrendous	2
fail	2
activities	5
hammer	2
best	5
locktite	3
sedans	3
said	1
capacity	1
lots	5
scrap	1
tags	3
muy	4
hosewhat	4
mud	4
bien	2
unable	1
pets	4
hopefully	3
approach	3
solenoid	1
unconfortable	3
skimpy	2
we	4
loose	2
extend	2
rims	2
wo	1
wm	4
paints	5
weak	2
however	3
mazda	1
retured	3
costa	5
wear	2
wtf	1
wth	4
convertible	1
packages	3
holds	4
roller	2
suggested	4
received	1
protect	5
accident	1
cow	1
malarial	2
resistant	2
fault	2
ill	1
yamaha	4
stow	4
heating	1
fruity	5
una	4
odered	2
lookin	5
receiver	2
exceeds	5
condenser	4
asked	1
lenses	2
tone	4
beter	3
appeared	3
legs	2
height	2
kwp	3
dsm	5
wider	2
loaded	2
refill	2
trust	1
diff	3
headlights	2
diagnostic	4
bathroom	2
tint	1
differant	1
chrome	5
hightech	2
exceeded	5
suctions	1
three	1
tiny	1
quickly	3
beep	3
much	4
basic	3
expected	3
flexible	4
warmth	4
threw	1
website	1
dry	2
life	4
superpowers	3
deeper	3
spit	1
brandswas	2
xxx	2
search	2
lift	5
repeller	1
worked	5
sad	5
exception	5
has	2
tank	1
reducir	4
slt	2
raspy	4
mustangs	1
connectors	4
air	5
lesser	5
near	2
melted	2
suppose	3
dashboard	5
relabled	1
aid	3
cracked	2
leaves	1
mistake	1
stink	1
mitsu	5
exceptionally	5
is	3
accessories	1
locksmith	4
ii	3
shame	2
cant	1
brake	2
cans	1
in	1
vendor	2
ie	2
id	3
disappear	2
if	1
damaged	1
bottles	3
emergency	4
perform	1
suggest	2
make	2
spectacular	3
amount	3
beside	2
backed	2
yunk	1
grated	2
babies	1
several	2
european	3
wheel	2
fairly	4
saids	2
pontiac	1
fourtrax	5
rotor	4
alittle	4
tops	1
speakers	5
rain	5
kit	1
fuse	5
jkh	3
kia	1
tune	4
cycle	1
butter	4
shortly	1
thy	2
thx	5
performance	5
changes	5
accel	3
tho	4
contact	2
greatest	5
mother	5
claims	2
the	3
left	1
amperage	2
just	5
photo	1
kinks	1
seen	3
goggles	5
thanks	5
yep	1
yes	2
yet	3
previous	1
adding	1
enters	1
catalytic	1
flooring	4
vibration	2
furry	4
preforms	5
had	3
spread	3
board	4
easy	5
fares	4
save	1
lttile	4
trashed	1
gave	2
opt	1
usable	2
casting	5
boxed	4
mounds	1
gove	5
roadside	2
possible	1
awhile	4
caps	4
possibly	1
boxes	1
boxer	3
background	2
destroy	3
shadow	5
highly	5
burnt	2
hatchback	4
apart	1
windstar	5
dvidson	5
gift	4
performing	5
manual	5
specific	4
misled	2
steps	1
flaps	1
testers	1
valving	3
security	5
blades	2
cooled	1
webb	1
warping	5
right	4
old	3
deal	5
people	1
proudly	5
dead	1
transaction	3
sponge	3
hassle	2
flatten	5
escape	2
dear	1
pain	3
extended	2
perfectmodel	3
unrivaled	3
confusing	2
carwas	1
cooper	5
for	3
bottom	1
purple	5
rejetted	5
daytime	1
everything	5
squeeze	5
fog	3
bra	5
recentlly	1
christmas	4
dia	4
cord	3
core	1
shakes	2
camelbak	4
burn	3
conformation	1
speak	5
corp	1
bolt	2
keeper	1
super	1
plug	5
grid	5
dollars	1
months	2
choke	5
o	4
personel	2
misleading	2
plus	5
qulity	2
eight	4
sept	1
beetle	4
bath	2
raised	3
thinner	3
froze	3
civic	1
pays	4
puzzle	4
rearview	2
son	1
down	1
rendering	1
overkill	2
google	3
wrap	2
pairs	2
liftkit	3
east	4
wal	1
compression	1
chargers	2
support	4
constantly	2
tat	3
inspected	3
avail	4
width	1
arowned	2
towing	3
way	2
wax	2
was	2
mleage	3
happy	5
head	3
form	5
manufacturers	5
lawn	4
ford	5
wireless	3
discription	3
heat	2
confer	3
hear	4
solar	1
stand	1
true	4
reset	1
slope	5
versions	5
prevents	4
inside	2
attached	3
devices	1
ruined	1
camaro	1
pest	1
latch	1
excact	4
emit	2
mtd	5
trim	2
sealant	1
later	3
hotter	4
sticks	5
turbo	2
stronger	2
twenty	4
covers	3
sticky	3
sometime	4
promised	3
floating	2
face	4
mold	1
trip	3
constructed	4
pipe	2
engines	3
uncomfortble	1
no	2
na	4
when	1
topped	4
ny	2
setting	2
holding	1
test	4
tie	3
smell	2
roll	2
picture	2
brothers	3
models	1
surprise	4
stiched	2
update	3
warms	4
outback	1
fell	1
professional	3
eacute	5
weekend	1
died	1
allready	4
longer	3
glass	2
salt	3
deflector	1
together	1
jacket	4
gorilla	2
time	3
push	1
fasten	2
surprised	5
epoxying	3
precise	4
camber	5
concept	3
managed	5
chain	5
drained	3
reviewers	3
rod	1
walking	3
llk	3
mile	5
microwave	1
classic	4
skin	1
chair	2
recharge	1
certainly	2
uneven	1
clarification	2
zone	4
technique	2
father	4
environment	1
german	2
charge	4
unpleasant	2
dissatisfied	1
humo	4
supplies	2
marks	2
veh	2
prodeuct	1
brown	2
bulleye	4
sujeta	2
keeping	3
choice	1
tanks	3
stays	2
trouble	1
exact	5
minute	3
cool	2
sucton	3
attachsomething	3
level	1
did	2
cleaners	2
dif	1
fragile	1
brother	5
teat	1
prob	3
leave	4
item	1
iten	2
diy	1
science	4
quick	5
lever	1
guy	4
stiffer	2
upper	2
blade	1
says	1
regret	1
gasoline	2
discover	3
steaks	2
heavyweight	3
cost	5
shirts	1
squeek	2
wow	5
rough	2
evacuator	3
cargo	4
barbie	5
filler	1
yada	4
everytime	4
hazardous	2
thicker	2
business	3
suspect	2
goes	1
reply	1
falling	2
boost	4
hummer	2
wrinkling	2
mechanic	4
rug	2
water	1
upgrade	3
address	1
mugs	3
along	4
appears	4
change	5
wait	3
box	1
sending	1
noticeable	5
mops	5
proud	5
trial	4
women	5
nyloc	3
usually	4
weird	2
sewer	4
pentius	3
footlocker	3
scorpion	3
useful	1
impreza	1
extra	4
prefer	3
passinger	1
marked	5
cared	4
decription	1
nautilus	3
patriots	5
fake	1
instal	1
ngk	5
mobil	1
market	3
dents	3
everybody	4
bulbs	3
projector	1
working	1
perd	2
stated	1
tears	2
tightly	3
connector	5
live	1
wood	2
iphone	1
memory	3
microfiber	2
black	1
msd	1
nozzle	1
abve	1
scratched	3
hooked	2
club	5
acceptable	1
envelope	2
everywhere	5
tiner	3
scratches	2
sequoia	5
effort	5
easiest	4
behalf	3
fly	5
ratchit	3
graphic	2
anything	1
decked	5
car	3
originally	4
cap	5
cat	1
reviews	1
labeled	3
inferior	2
royal	5
pumice	5
following	1
making	1
trans	1
obd	1
spx	1
claim	1
crazy	1
dashmat	4
figure	4
mirrors	3
frogs	3
kyb	5
awesome	4
confused	1
locks	2
tinted	2
chin	2
performed	4
sharp	3
cranks	2
advertized	2
freezes	2
alway	4
fourth	3
pins	4
coleman	5
camein	1
map	1
product	4
mat	1
huge	4
may	3
neat	4
slush	4
spot	4
siren	3
flattens	2
applications	3
produce	1
designed	4
willnot	2
such	3
suck	4
fixit	3
compatibility	2
lifting	3
man	4
varible	4
pulley	1
neck	4
grandson	4
beam	3
maybe	3
puller	3
cigerate	1
fraction	5
switch	4
sh	1
so	2
sl	3
sc	2
tall	4
wolves	4
pulled	1
crumple	2
talk	1
nearly	3
refund	1
cute	4
approx	1
shoes	1
indeed	4
ridgeline	3
years	5
decals	2
ended	1
shaka	5
pitch	1
cold	2
still	1
blocked	4
tore	2
adhesive	1
thank	5
how	5
gti	2
torn	2
buns	4
gto	1
window	2
gts	2
policy	1
mail	1
passat	1
areas	5
texas	4
happened	1
usa	5
moms	2
gsxr	4
sooner	4
underneath	3
boats	4
drilling	3
half	1
not	1
nov	1
now	2
killed	2
rattles	2
wont	1
recommand	5
name	2
streaks	2
fumes	3
clutch	2
corolla	2
streaky	3
costlyit	2
splined	3
rock	1
entirely	1
xlt	2
repaired	2
seldom	4
em	4
el	4
caddmann	5
square	1
fired	5
ed	5
kickdown	4
yeah	1
gaps	5
ex	1
year	5
distributor	1
ft	4
happen	1
worried	2
adequately	3
es	2
scion	1
shown	4
container	1
opened	2
hhhj	3
space	4
factory	5
looking	5
bday	3
stupid	3
internet	3
formula	5
receiving	5
sensor	1
correct	3
shows	1
earlier	1
bolts	2
disintegrated	1
state	2
cars	3
cart	4
quite	3
argh	1
mercedes	5
bumps	1
california	1
vinyl	2
yearsit	1
strips	2
care	2
watts	2
possum	5
collapsing	3
programming	2
tries	4
motion	1
thing	1
butterflies	2
nuff	5
place	2
styles	1
view	2
think	1
first	1
blind	2
mecanic	3
tenis	4
afer	2
wave	4
one	1
clumsy	3
fast	5
carry	4
impossible	2
sounds	4
drove	1
open	1
cheesy	4
size	4
stuffer	5
city	5
little	3
sayed	1
checked	2
silent	1
stuck	4
fobs	3
bite	5
waist	4
plastic	1
anyone	4
indicate	2
moisture	3
milage	5
white	2
national	2
friend	4
gives	5
iacute	2
mostly	1
that	2
floppy	5
shpuld	2
heritage	5
screwing	5
accurately	4
alas	3
copy	3
holder	1
than	1
boyfriend	5
wide	1
cracks	4
rugged	4
effective	2
scraping	3
require	3
lugs	1
coats	4
future	3
were	2
knob	2
dissapointed	1
tractor	2
trailering	5
and	5
nicer	3
pro	4
turned	2
locations	3
overnight	3
dash	4
say	5
distorted	1
horsepower	5
sells	2
saw	5
any	1
preservative	5
sat	1
lumpy	1
fet	2
instructed	2
note	3
equipment	4
ideal	2
take	3
online	4
interior	1
upside	2
wonder	1
channel	4
funcion	2
surf	3
sure	3
multiple	1
normal	2
track	2
price	5
enter	5
paid	1
falls	1
frustraiting	1
sheets	2
net	4
pair	2
polaris	1
inserted	2
damage	4
evacuatorgreat	4
forever	1
peice	1
especially	2
flawlessly	4
anco	1
bore	1
average	1
napkin	2
steady	4
drive	2
atvs	5
wing	2
crank	2
typically	3
cuz	4
quantity	4
shop	3
rating	5
cobra	1
shot	4
newer	5
show	2
cheat	1
cheap	2
fecal	1
upright	3
bright	4
spaces	2
shoe	1
hack	4
hace	4
tend	4
ground	1
slow	2
gauges	4
title	1
restauration	3
liftgate	5
pump	1
texture	5
stud	4
only	2
going	1
believing	1
stain	2
directed	1
correctly	4
flhrs	5
get	2
lug	1
broncos	5
underside	2
lighter	1
ita	1
gen	5
blends	5
gel	2
prime	5
lame	4
aluminum	2
leather	5
bearings	1
hinges	3
morning	1
naked	3
miles	1
unlevel	1
recomeded	1
finishing	4
drawback	4
where	3
husband	5
lasers	1
comparable	5
seat	2
horse	3
anyways	3
seam	2
seal	3
heavy	4
sport	1
replacemnet	1
concern	1
surfaces	5
carefull	2
satisfying	3
ways	1
review	3
addiditive	2
glaze	4
sites	3
label	1
enough	2
john	5
joy	4
it	4
across	2
jumper	4
travels	5
notice	4
vertical	1
screen	3
citation	3
flow	5
supermarket	2
blame	4
spare	3
parfaitement	5
article	1
spark	5
come	3
mans	3
installation	1
contol	4
many	4
intermittenly	1
personal	3
s	3
loudly	1
hopkins	5
disappointment	2
efficiently	4
concentrates	5
holders	1
comes	1
joe	4
duty	3
cancer	5
passenger	1
color	2
pluged	4
por	2
pos	1
pop	1
satisfaction	5
stretched	3
cancel	3
performingq	5
writing	4
boat	3
considering	3
tuning	1
mpg	5
stretch	2
mounting	2
locally	1
vacation	2
futs	3
coupe	2
mart	1
scot	5
stripped	2
rancher	5
cords	1
systems	4
wants	1
stisfied	2
direction	1
shopping	5
offered	2
reccommend	5
drawer	2
photos	1
spills	1
wake	2
bmw	5
instalation	1
bmx	1
careful	1
protocols	3
pilot	4
paying	1
disconnected	1
manhatan	1
these	2
mount	2
easyer	4
trick	4
cast	1
orignial	2
ratchet	1
fil	2
promising	3
situation	5
shops	2
chamois	2
qwultyi	1
aluminium	2
handy	4
conferences	4
eventually	4
twists	2
telephone	3
according	2
coupler	2
good	4
malformed	3
somebody	1
stickers	1
ship	3
worry	5
imho	4
helmet	4
different	2
verified	3
harsh	1
etc	1
pay	1
fender	2
wiring	1
happier	5
same	3
check	1
tiburon	1
pad	4
lite	2
stepped	4
week	1
exhaust	4
wires	1
ni	3
foam	2
driver	1
running	2
fruit	1
intended	4
muffler	1
ifiniti	2
totally	1
wheels	3
reference	4
muffeler	2
westin	3
amps	3
traps	4
charges	4
charger	5
floor	4
bang	5
without	2
mann	5
bottle	2
model	1
justify	1
summer	1
remember	4
vtx	3
crossbars	1
money	1
tastepure	4
adjustments	3
neon	3
rest	5
kill	2
showed	2
touch	1
polish	1
guys	5
blow	1
deceiving	1
generator	4
liters	4
thinking	2
homemade	4
seems	4
except	5
improvement	4
lets	1
interested	4
treatment	2
versa	3
plenty	4
ethafoam	2
flashing	1
heavier	1
seams	1
around	4
stunk	2
read	1
mop	5
fridge	3
loaned	3
dark	3
warehouse	5
traffic	3
darn	3
vacuum	1
using	5
railroad	2
aiming	1
disappointed	2
rear	1
mod	1
valentine	4
reaso	2
towel	2
replacing	4
pounds	3
nissan	1
easliy	2
bracelet	3
patrolit	1
either	1
served	1
laugh	3
failure	5
fades	2
moving	2
eddie	5
specified	1
cheeper	5
matching	5
provided	1
moog	5
cavity	2
tube	3
googled	1
jiggle	1
dealership	5
picks	4
knife	3
freed	1
optima	1
tdi	2
welcome	4
assembly	1
power	3
seconds	1
manufactured	4
perharps	1
broken	1
drums	4
assemble	3
manufacturer	1
on	2
crafting	2
une	5
ok	2
package	3
jeep	5
of	3
oe	1
besides	4
favorite	5
drag	5
practical	2
journey	3
oz	1
baffles	5
decent	3
luck	4
backup	3
road	4
amber	2
heater	1
workssmall	3
image	1
noone	2
harness	4
heated	4
springs	5
your	1
bubbly	3
attaching	3
sprint	2
area	3
removing	1
there	3
hex	5
hey	5
lol	4
start	2
cats	4
alarmwant	3
low	1
stars	2
cloths	4
undamaged	5
washers	3
recommends	5
complete	1
fanatic	4
ontothe	3
unreliable	1
trying	3
with	1
buying	5
faster	2
pull	3
cheapies	2
applying	4
improved	5
bucket	3
taught	2
assy	1
dirty	1
flats	2
moles	1
rust	2
connect	3
detailed	2
gone	2
ac	1
required	1
leaked	1
ad	1
certain	3
accents	4
describe	2
deep	2
trickles	1
imagination	2
as	1
ar	5
au	5
at	2
file	3
girlfriend	2
sheath	1
cbx	1
moves	2
cables	5
film	3
fill	4
incorrect	1
again	1
hasnt	5
firm	2
antenna	4
drivers	1
storage	4
walled	5
rubber	2
tight	2
you	1
trash	1
autozone	2
poor	2
symbol	2
naver	5
distance	3
m	4
includes	1
gifts	4
dies	5
important	2
suited	5
included	3
totoya	5
pooh	3
pool	2
carbs	5
remote	2
snagged	2
wife	5
invest	2
tightened	2
u	1
spillable	4
sparkplugs	3
husky	2
craftsmen	2
once	4
starting	5
original	2
external	1
splicing	2
all	1
forget	1
chinese	2
washed	2
beware	2
lack	5
dollar	3
dollas	2
month	2
code	4
publish	4
bulb	2
messy	4
follow	1
wash	4
children	1
causes	2
carpet	4
synthetic	4
shattered	1
tx	3
ty	4
tv	3
tt	1
to	3
tail	2
program	2
those	3
tb	5
tc	1
ta	5
sound	5
lites	4
liter	4
returned	1
sitting	1
very	5
superglue	1
mph	2
sons	1
worst	1
fall	2
awful	1
bubbles	1
difference	5
cruser	2
washer	3
securely	2
squirted	1
coundnt	5
switches	3
homebakery	4
washing	1
cable	1
mothers	5
issue	4
list	3
large	2
sand	5
adjust	5
small	2
disused	4
economically	5
neoprene	1
teh	4
quicker	2
neighborhood	2
portable	2
ten	2
appearance	5
lll	3
ted	2
cash	4
past	2
rate	1
design	3
pass	1
link	2
wins	5
investment	4
what	1
sub	2
brackets	3
sun	4
section	1
house	5
stool	5
burgundy	2
suv	4
version	1
backlight	3
headlamps	3
learned	3
row	4
racing	1
cruse	4
contrast	2
sux	2
millage	5
full	1
dissappointed	2
coilover	1
akwardly	1
lable	4
hours	1
ranger	1
threads	2
trunk	4
directions	1
strong	5
fastners	1
legend	2
breakable	4
mmm	3
chipped	1
colored	4
ahead	1
sucked	4
verry	4
allows	3
terminals	2
experience	1
discoveries	3
airport	1
base	2
advertising	1
pick	5
narrow	1
strenthg	3
sticking	2
freshners	5
followed	1
hogg	2
family	4
caravan	2
transit	1
grubbing	3
ask	5
snug	3
appliances	1
toys	2
mower	5
stickums	4
inperfections	1
gutless	4
eye	4
takes	1
trips	3
permatex	5
faint	2
two	2
avt	4
taken	1
kick	2
wiper	1
minor	4
more	5
flat	1
flaw	3
diamond	2
door	2
knows	3
tester	1
thus	4
company	1
emission	1
site	1
tested	1
nomad	5
stick	2
broke	1
particular	1
known	1
suction	2
hurry	2
producing	5
exhust	5
glad	5
supplystore	1
sizing	2
grill	1
none	2
hour	5
blah	4
recall	3
explorer	5
installing	2
guards	4
installs	3
remain	1
del	2
learn	2
male	2
socketit	3
tows	5
def	4
lubricant	1
beautiful	5
hhr	3
compare	3
computers	2
prompt	2
pushes	2
scan	1
joints	5
approved	5
lightweight	5
eazy	3
accept	3
states	3
protects	5
numbers	4
purchased	3
sense	1
gallon	3
lacks	3
lifts	5
reputation	5
atv	1
needs	4
overcharging	4
awkward	2
rather	2
comfort	4
enlarge	3
stayed	2
distrb	5
occasionally	1
neede	3
flares	4
blacked	5
okay	3
tried	1
bags	2
headrest	1
advice	1
par	2
santa	4
panoramic	2
catalog	3
buffer	2
fe	4
welds	3
coming	2
shuts	3
sloppy	1
response	1
fo	5
a	4
short	2
onto	4
rainstorm	5
doctor	5
bugs	2
generic	2
oringinal	5
wrench	2
shade	2
lasting	5
dream	5
patio	3
oacute	2
rounded	1
help	2
reservoir	1
pant	4
developed	2
advised	2
annoyingly	4
soon	3
installed	5
held	3
isnt	3
paper	2
lava	4
filters	5
hell	2
its	5
style	4
surprized	2
sale	2
pcv	4
actually	1
late	2
resort	2
detected	4
parts	5
ruining	2
bummer	2
girl	4
mounted	4
miata	1
might	2
alter	2
someone	1
return	1
entended	5
ya	2
gadget	1
cel	4
unusable	1
units	2
originalone	5
foot	3
ninja	3
yr	3
complain	4
bigger	3
instructions	1
easily	2
cada	2
always	5
assemblies	4
rattle	3
identifed	5
twisted	4
capability	4
tear	3
habits	5
stopped	2
repayment	1
turns	3
found	5
trailer	3
clamp	1
everyone	1
mental	3
weight	5
frinedly	4
jaws	3
experts	2
hard	2
reduce	1
idea	2
gun	3
oil	5
expect	3
measurement	4
loops	2
beyond	2
navigator	3
really	2
mityvac	4
tekonsha	5
againthan	1
suppoert	1
since	2
hydraulic	1
soaps	5
streaking	2
safety	1
origanal	2
shipment	5
reminder	5
print	2
aligned	3
hangers	2
evaluation	2
highway	1
definately	2
complated	4
dirt	4
warrenty	1
dipstick	2
pleasant	2
difficulty	4
reason	2
toy	2
clore	1
put	1
definition	1
faucet	5
acura	1
thread	1
needing	4
terrible	1
blower	4
inputs	2
edges	2
expecting	1
bumper	1
trickle	5
fallen	2
reinforced	3
copper	3
major	2
dont	3
feel	5
mistakenly	3
churning	1
number	3
fancy	5
traveled	1
feet	2
unmanageable	1
cfm	3
done	1
rails	5
wench	2
mixing	4
cups	2
miss	1
silverstars	2
trade	4
guess	2
aveo	5
autopart	3
leading	1
comfy	4
least	4
paint	4
flimsy	3
station	3
jetta	5
passed	5
pitted	1
reorder	4
compartment	2
smoothed	4
store	5
too	1
selling	1
option	2
para	2
behind	2
needle	2
park	4
immediate	5
selector	2
mmmm	1
pockets	5
luckily	2
part	1
mmmj	3
weld	4
spacings	1
believe	3
convinced	2
jump	4
kind	2
b	4
unload	5
pickups	2
gotten	1
anticipate	3
instruction	1
grey	1
pickupi	5
stall	5
contrary	1
supposed	1
outdoors	2
secures	5
dried	2
cleaner	3
jumpstarter	3
wasnt	1
coolant	1
orderd	2
substantial	3
room	5
gasket	4
creased	3
aged	1
odors	2
backseat	1
sell	1
mountain	2
nights	1
badmostly	4
built	5
output	3
cherokee	4
self	4
lit	1
also	5
recognizing	4
costs	1
useless	1
reship	1
finding	4
commentary	1
yakima	5
foreman	5
play	1
added	5
electric	2
perfomance	2
customize	1
leaking	1
measures	1
reach	2
chart	2
cigarette	2
charm	3
significant	1
nothing	3
extremely	4
winterizing	5
refrigerator	3
kc	4
cigarrillo	4
sturdy	5
mobile	1
clear	1
sometimes	3
snapping	1
giving	5
tps	1
clean	4
weigh	3
charged	4
tubes	2
clearsthe	4
yetbecause	4
bending	3
particularly	1
gates	5
rtv	5
relation	1
freight	1
repels	2
carefully	3
se	2
heavens	1
fine	3
find	5
faces	3
coupenot	1
contruction	4
keychain	2
parameters	5
scooter	1
unhappy	1
failed	1
generators	1
stocking	5
pretty	4
knowledgeable	3
circle	3
juke	1
hit	2
mercy	2
beams	4
cheaper	5
feels	3
rings	2
hid	1
breast	5
closely	1
compass	4
during	3
silk	2
sill	5
emails	1
shines	3
crv	1
motorcycles	1
sleeve	2
generally	2
remove	2
stored	3
gloves	2
common	2
double	2
x	2
adapts	2
bulky	2
scanning	1
bars	4
set	4
dump	5
sep	1
throwing	1
defroster	5
advertised	1
tip	4
see	3
bare	4
are	3
close	3
arm	3
considered	4
project	4
pictures	2
user	4
exchange	1
please	1
halves	1
pickup	1
various	1
probably	3
burned	2
pictured	2
available	2
refills	1
missing	1
silicone	1
hiddencons	3
sold	4
attention	1
spray	1
console	5
zipper	2
both	1
useable	1
last	3
license	3
autolite	3
barely	2
foreign	3
connection	1
became	2
alot	2
celica	1
whole	1
load	2
liked	4
belo	2
point	2
simple	4
sweet	2
injectors	3
others	1
whatever	1
sunshade	1
simply	1
stoped	1
este	2
expensive	5
yukon	1
platinum	3
worthless	1
described	4
pt	2
pu	1
scented	2
smoth	5
outstanding	5
dud	1
due	2
enuff	1
hitting	2
runner	1
reduction	2
fuses	5
napa	2
imports	2
brick	5
bunggy	3
empty	1
slips	1
vans	3
advertise	3
boy	4
mind	4
crack	3
gas	5
convert	4
grille	1
understand	1
representative	5
compatable	1
toung	3
rotors	5
plants	1
loom	1
look	4
talking	4
solid	5
reliable	4
bill	4
budget	4
kragen	1
technical	4
while	1
replaced	3
match	2
error	4
graffiti	5
piaa	3
guide	3
pack	1
real	1
larger	4
hoping	1
cents	1
rip	1
disappointing	1
reads	1
beautifully	1
stoves	2
rid	4
tacoma	1
helped	5
monroe	2
audi	2
funny	2
lengthy	4
lugnuts	2
shirt	1
anymore	1
satisfy	3
cummins	3
shorter	2
complaints	5
wipers	2
grand	2
modification	1
advise	1
relatively	4
daughters	4
higher	1
used	4
differance	3
dime	5
keys	4
utah	5
motorcyles	5
painless	2
moment	3
walmart	1
arrived	5
purpose	2
robust	2
plugs	5
bob	3
recent	3
lacrosse	2
early	4
lower	1
task	5
finesse	4
older	1
redesigned	1
spent	3
wedged	1
maker	1
cheep	3
concrete	1
priced	5
edge	2
y	2
entry	2
junking	1
mon	5
afrs	4
things	1
alum	4
removed	5
birthday	4
shape	4
adjustable	4
questions	3
world	5
reviewer	1
taiwan	4
alignment	5
badit	1
letting	4
realy	5
cut	2
bushings	1
cup	1
tim	5
surprises	5
fitting	3
realiable	1
source	5
causing	2
location	3
soooooo	5
snap	1
excited	1
finder	2
build	1
bin	5
complaint	4
march	1
radiator	2
loss	4
bladder	5
big	2
couple	2
frail	4
marca	2
tweaks	4
game	4
crisp	3
bit	4
helpful	1
knock	2
modifications	3
seperate	2
d	1
shaped	3
envisioned	4
signal	2
toyota	2
glove	4
sebring	1
separately	3
chairs	4
continue	5
unstable	2
popular	2
stylish	5
spins	2
bace	2
often	2
brakes	2
desription	2
absolutely	1
spring	1
cybiko	1
some	1
back	2
litter	4
palm	3
fabric	2
mirror	1
workse	3
mustang	3
denso	3
delivered	5
scale	3
pey	1
measurements	2
pros	3
per	1
seller	1
tapita	2
connecting	3
bogus	2
wix	5
refurbish	2
t	1
be	3
bf	4
run	4
ba	4
odor	2
martin	1
bi	1
stem	3
lasts	2
step	3
oem	5
claw	1
from	1
raider	4
aswell	1
shine	3
goods	1
wrecking	2
wouldnt	1
stebel	3
bgh	3
kawasaki	5
hinge	2
range	1
ounce	1
donne	5
kaw	5
shiny	1
block	2
prices	5
repair	1
wasunuseable	1
colorado	1
garbage	1
precisely	4
within	2
seamless	4
smelly	1
buffetting	3
frames	3
lesson	2
rigid	2
smells	2
stitches	1
impressed	2
expectedthe	2
whims	3
spending	1
measured	1
openers	2
question	1
handles	1
long	4
custom	1
loveto	4
dispoint	1
suit	4
forward	2
manufacture	2
filer	3
an	3
elsewhere	1
inches	2
poster	3
adjusting	5
hoped	2
cloth	4
properly	2
getty	1
repeatedly	2
fishy	1
hopes	1
discribed	5
line	3
dull	1
raising	2
info	1
thru	3
originals	4
up	2
us	4
originaly	1
clips	1
windows	1
un	5
marginally	3
uk	2
faded	1
warmer	2
fried	1
similar	5
called	2
ordered	1
cover	2
comming	2
single	2
warning	1
egr	5
breathes	5
thier	3
doe	4
stripper	5
codes	3
corners	2
rains	3
buck	5
plugged	4
application	1
magics	5
definitely	5
electrical	3
swirl	2
tarp	1
dashes	4
nice	4
wished	4
draw	5
users	4
evap	2
problems	5
liners	4
lens	1
meaning	4
restoration	4
posters	3
sides	5
ago	1
night	4
notch	5
implies	1
tote	4
dvd	2
age	2
vehicles	3
holes	3
ordersd	4
hella	5
heats	4
worn	1
literally	2
fresh	2
hello	2
valves	4
gt	1
wd	3
mufler	2
hooks	3
results	5
ds	5
existing	1
highways	4
ge	3
softer	3
shim	2
legal	1
refound	1
go	3
golf	1
gm	1
issues	5
seemed	3
compact	3
pouvoir	5
concerned	3
send	1
nose	2
shack	5
nippon	3
squeezing	2
helps	1
stable	4
include	1
asistance	3
friendly	5
sent	1
confirmation	3
seized	1
snows	5
outside	2
automotive	5
schedule	5
avalon	1
spool	2
wavy	2
putting	4
telling	1
drinking	4
wipe	1
timely	5
entire	2
stiff	1
meant	5
button	2
f	3
try	2
grommets	1
radio	5
havent	1
rack	3
smaller	3
gripping	3
folds	4
boots	2
nighthawk	3
fold	2
noise	3
traveling	4
uncomfortable	1
terralux	3
click	2
decker	3
sheepskin	2
plays	5
altima	2
dealer	3
pipes	1
slight	3
felt	5
enjoyed	2
cell	1
consistently	1
waiting	1
currently	5
relocate	1
can	3
body	1
sur	5
led	4
degree	1
leg	1
pushing	1
scrapper	2
punch	2
packing	3
objects	2
let	1
cab	1
consideration	4
safer	5
sine	4
saab	5
great	5
arrive	4
poorlyi	1
survivor	5
receive	1
inoperable	2
shades	1
alaska	4
engine	5
repel	2
products	5
opinion	4
proof	2
makes	5
ruin	1
thats	1
streak	2
platinums	1
duct	2
wil	3
sienna	3
volt	2
motor	1
apply	1
tools	5
reflector	2
use	2
sealed	3
crap	1
consumption	5
lube	4
next	1
depicted	2
doubt	2
estimated	5
tahoe	2
vehicle	3
timing	4
panel	2
chip	2
sort	1
clever	3
started	2
rode	3
unplug	3
sore	4
carrying	5
xterra	2
reinflated	2
baby	4
actual	3
mitsubishi	1
starter	3
boards	4
customer	5
high	2
balls	1
alil	1
heard	1
this	4
ride	1
oh	3
pour	5
anywhere	5
obvious	2
thin	2
drill	2
smear	1
meet	2
didnt	1
bend	1
control	1
wedge	1
slid	2
tap	3
bent	3
links	4
plate	1
process	4
lock	2
allowed	4
certification	2
taz	3
pieces	1
tideous	1
effectively	4
tag	1
pulling	1
something	1
tab	2
bones	4
wonderful	4
locking	4
defective	1
sit	2
chevrolet	1
six	1
brian	3
lamp	4
attachment	1
lodge	5
instead	2
hawk	3
stock	5
contraption	2
yellowish	1
squeaking	2
hitches	3
farm	4
watch	5
fram	2
them	4
fluid	1
steeply	2
wrist	2
ease	5
tems	5
fits	5
strut	2
winter	3
securly	5
geek	4
drop	5
light	3
straps	3
liner	2
element	2
honestly	1
allow	5
classy	3
necklace	3
bilstein	4
lined	4
rusted	1
volts	2
despite	1
meter	2
pulses	2
looks	5
horns	2
polished	3
brittle	1
bunch	3
perfect	5
superior	1
le	4
lb	3
la	2
crazyhad	2
labor	2
meantime	3
decal	3
willing	3
degrees	4
insulator	3
supurb	5
dad	3
puts	2
designs	3
seatbelt	2
greater	2
auto	5
nada	2
material	3
camino	4
topcoat	4
mention	3
cutting	1
sandpaper	4
hands	2
front	1
day	1
oxy	1
wrangler	1
trac	3
powerfull	4
guard	3
cosmetically	3
lifetime	1
bleeder	1
weather	2
mode	4
breeze	5
beneath	2
brush	4
profile	5
dixie	2
attachments	5
tension	1
bump	4
buena	4
mas	1
diffulty	2
books	4
doubled	2
calibrate	4
measure	3
our	5
special	3
out	2
mats	4
twice	1
armor	4
valve	1
jjjh	3
hps	5
flushing	3
disapointed	1
smog	5
cause	3
red	2
deals	5
shut	4
aok	4
tempo	4
hyundai	1
promptly	4
strap	3
completely	1
que	2
saving	5
compra	2
accessory	2
steering	2
repairing	2
yard	2
could	2
florida	2
timer	5
keep	3
riding	4
length	2
abuse	3
transfer	3
hence	4
today	4
buckle	4
latched	1
plastics	3
plainly	4
keyless	2
ligths	4
powerful	2
momentos	2
date	2
submit	5
owner	5
blows	1
persuer	2
quality	4
straight	4
sisters	5
ancient	3
eals	4
los	2
ordering	2
data	5
durable	4
assure	1
grip	3
system	5
fitted	5
attach	3
slide	4
wrapped	5
silverado	4
perfectly	5
bosch	1
final	4
cabin	4
scre	1
shell	3
lot	2
lovebugs	2
bulldog	5
tonebut	3
exactly	5
slides	3
vouch	5
lil	4
rsx	1
adjusts	3
completes	4
outline	1
steel	1
loved	4
photograph	5
liquid	5
fitment	1
split	3
bother	1
bed	2
loves	5
accurrate	4
tortures	1
country	4
kitties	3
itchy	1
replacementcame	1
counter	2
false	1
shrinks	2
clip	1
gently	2
comfortable	4
case	3
recessed	3
goodif	4
have	3
need	3
curved	1
clearly	1
screw	3
afraid	1
triggered	4
min	5
agency	3
able	4
aftermarket	4
purchasing	2
iquest	5
reapplied	2
which	5
wideness	3
truck	1
divert	3
visor	2
soap	1
accuracy	1
mileage	4
unless	1
repairs	4
who	3
camper	5
siphon	4
harmful	1
basket	3
courtesy	5
connected	2
device	3
awd	5
why	1
grinding	2
ure	2
reminds	2
stranded	1
upset	1
dent	3
looked	5
velco	2
construction	3
absurd	1
diagnostics	1
painting	1
away	5
fact	1
alternator	1
selection	4
absorbing	2
text	2
stove	2
crate	4
anyway	3
rotating	2
bring	3
woth	1
kits	2
parked	4
ripoff	1
continually	5
pleased	5
shiped	1
ha	4
based	1
tire	4
earned	5
moey	2
nitrous	1
jar	2
fans	4
should	2
terminal	2
brighter	3
tape	2
retrofitting	1
fuel	1
jag	2
handsome	5
local	5
hope	4
dodge	1
mgb	2
move	1
handle	1
listened	1
watching	5
beat	4
overall	4
lucky	1
tbi	4
joint	1
community	2
ones	4
words	1
buyer	2
penetrate	2
reusable	5
bronco	5
chips	3
converter	4
stability	3
hoses	5
de	2
places	1
trucks	1
course	5
h	3
partio	2
calling	1
stufe	2
stuff	4
she	5
glosser	4
tightening	3
fixed	1
gibson	2
motorcycle	5
conform	2
solo	2
frame	2
cuts	3
flip	3
computer	3
slanted	2
driveway	1
carpeting	3
packed	5
washable	5
wire	4
superhero	4
taketime	4
pattern	1
horribly	2
junky	1
superb	3
favor	1
written	1
closed	4
horrible	1
neither	2
email	1
speed	5
bought	5
drain	4
ends	1
opening	1
packaged	3
job	4
firmness	4
key	2
boxwiper	2
eliminar	4
drum	5
limits	4
joke	1
taking	1
drub	1
ramp	2
agree	1
april	1
diehard	1
atleast	5
clogged	1
dirts	4
safely	1
jersey	4
otherwise	3
comment	5
vent	3
adjusted	2
unclear	2
co	1
wall	1
litte	4
ca	5
ce	2
packaging	2
cx	2
crafted	1
spotlight	5
points	4
scanner	1
quit	1
powered	1
addition	4
prelude	3
muddy	5
bbc	4
responds	4
offers	4
treat	5
indicators	2
waste	1
silverstar	3
mike	5
pic	3
general	5
bridged	5
painted	2
otc	5
crappy	1
controller	5
backback	5
ice	2
angles	3
bull	2
closebetter	1
lumbar	2
fileter	5
present	3
inconspicuous	5
routan	2
opci	4
align	4
nd	3
harder	2
tengo	4
value	4
will	4
dorman	1
ultra	5
frustrating	5
adapter	5
almost	2
coating	1
thur	1
surface	5
hardware	3
vs	3
vw	1
claimed	2
bucks	2
sits	3
scents	5
japanes	1
perhaps	1
began	1
headlight	4
cross	3
matches	4
strange	2
lest	4
largest	3
inch	2
party	4
gets	4
tapped	2
difficult	2
tedious	5
tighten	2
ball	1
slightly	4
promo	2
absorb	3
drink	1
effect	1
chock	5
dust	1
pedal	1
flowmaster	5
mech	2
off	1
reflection	4
i	5
colour	5
incredible	5
well	4
thought	3
patterns	4
bikei	5
sets	4
position	2
muscle	1
teneco	2
advertises	1
taller	3
stores	5
rocket	4
less	1
accurate	2
kkj	3
dose	2
batteries	1
hypertech	2
fishing	4
seats	1
dakota	1
tough	5
glue	1
obdii	4
unplugged	4
flashlight	3
web	5
likes	5
gmc	1
thison	4
supply	3
lake	2
recommending	5
realize	1
battery	2
book	3
attractive	2
wet	2
delco	4
qualitybut	3
smart	5
accomodate	2
wimpy	5
ought	1
thuogh	4
identical	1
forklift	1
increased	5
government	3
taunt	1
scangauge	5
february	5
fats	3
historic	4
five	1
know	1
desk	2
immediately	1
hollow	2
insert	1
necessary	3
like	4
lost	4
sizes	5
yourselfer	4
accelerating	5
noted	5
garage	3
sparkplug	5
unique	4
epoxy	1
lose	5
works	5
soft	2
e	1
replacement	5
didn	3
holdervery	1
disappointedi	1
flush	2
proper	2
home	5
woud	1
aesthetically	3
lead	1
leak	2
avoid	3
slipping	2
overlap	2
detergent	5
does	2
economical	4
ibought	1
screwed	4
acdelco	5
belt	1
chains	5
betty	5
ripped	2
hose	1
inaccurate	2
reaching	1
likewise	3
pressure	3
although	3
fords	5
snapped	1
fastwas	2
paste	2
countersunk	3
noisy	1
gained	5
about	2
mirro	2
socket	5
getting	1
hookup	4
cleans	5
shipping	2
compatible	2
carrier	4
sweat	2
tongue	3
wedgie	1
sistem	1
warranty	2
individually	5
letters	1
thred	3
backing	4
brands	4
polisher	1
doesnt	1
been	3
female	3
buick	2
owners	1
couldnt	1
quiet	4
hang	4
brass	5
utility	2
practible	2
van	1
elastic	1
stainless	1
housing	1
spots	1
noticed	3
inner	1
complimented	4
powdered	5
racecars	5
suzuki	5
goning	2
function	4
funnel	5
buy	1
north	1
shank	3
pilled	4
bus	1
brand	2
but	3
delivery	4
shields	1
hi	1
gain	4
hl	1
delivers	2
highest	3
memphis	3
bug	1
he	4
count	5
made	4
marquis	3
temp	1
whether	5
wish	3
official	3
scratching	3
volvo	5
placed	3
frequency	5
limit	1
hand	2
problem	3
piece	1
minutes	5
dots	2
tranny	4
pin	3
rechecked	3
universal	1
ez	1
condition	5
emery	4
periods	2
et	5
ina	2
worse	1
recomend	4
functions	1
compared	1
mushroom	3
variety	5
boop	5
bugging	4
boot	4
detail	4
chocks	5
members	4
other	4
details	3
ledge	1
contacting	1
junk	1
smittybilt	3
star	4
flaked	4
shadenot	2
stay	1
town	3
chance	4
kinda	2
tailgate	5
else	1
friends	5
overseas	4
exposure	1
ghost	4
lasted	1
bauer	5
diagnosis	3
searched	1
deleivered	3
